,map,regular_time,regular_sum_of_costs,solver2_time_30,solver2_sum_of_costs_30,solver2_time_60,solver2_sum_of_costs_60,solver2_time_120,solver2_sum_of_costs_120,solver2_time_300,solver2_sum_of_costs_300,solver3_time_30,solver3_sum_of_costs_30,solver3_time_60,solver3_sum_of_costs_60,solver3_time_120,solver3_sum_of_costs_120,solver3_time_300,solver3_sum_of_costs_300
0,mazes/maze50x50_3_56.txt,382.2828848361969,340,30.610617637634277,343,60.813279151916504,343,120.86889743804932,343,300.7517068386078,343,30.704253911972046,343,60.82404160499573,343,121.0137038230896,343,301.96242928504944,343
1,mazes/maze50x50_3_114.txt,69.65362238883972,205,30.42980718612671,207,60.696146965026855,207,120.3573145866394,207,127.30865359306335,205,30.52725076675415,207,60.59992480278015,207,120.45867395401001,207,143.24429178237915,205
2,mazes/maze25x25_3_50.txt,64.00565361976624,95,30.10438895225525,96,60.14151978492737,96,80.63240432739258,95,80.63240432739258,95,30.09709668159485,96,60.05812168121338,96,78.09965872764587,95,78.09965872764587,95
3,mazes/maze50x50_3_15.txt,900.2813756465912,False,31.881494522094727,False,60.52002501487732,221,120.65241861343384,221,301.1079316139221,221,30.954546451568604,False,60.44421887397766,221,120.56154561042786,221,300.51045870780945,221
